LVLID,NAME,ADM1NAME,POP_90
NGP001001000000000000,Lere,Kaduna,"205727"
NGP001002000000000000,Zaria,Kaduna,"284318"
NGP001003000000000000,Zangon Kataf,Kaduna,"140224"
NGP001004000000000000,Birnin Gwari,Kaduna,"143072"
NGP001005000000000000,Sanga,Kaduna,"79793"
NGP001006000000000000,Sabon Gari,Kaduna,"224067"
NGP001007000000000000,Giwa,Kaduna,"171061"
NGP001008000000000000,Kajuru,Kaduna,"116284"
NGP001009000000000000,Igabi,Kaduna,"308239"
NGP001010000000000000,Ikara,Kaduna,"138822"
NGP001011000000000000,Jaba,Kaduna,"66119"
NGP001012000000000000,Kaduna North,Kaduna,"348000"
NGP001013000000000000,Kachia,Kaduna,"116145"
NGP001014000000000000,Soba,Kaduna,"174217"
NGP001015000000000000,Chikun,Kaduna,"255562"
NGP001016000000000000,Makarfi,Kaduna,"108455"
NGP001017000000000000,kaduna South,Kaduna,"391575"
NGP001018000000000000,Jema'a,Kaduna,"138720"
NGP001019000000000000,Kudan,Kaduna,"94585"
NGP001020000000000000,Kauru,Kaduna,"115284"
NGP001021000000000000,Kagarko,Kaduna,"90566"
NGP001022000000000000,Kaura,Kaduna,"101455"
NGP001023000000000000,Kuban,Kaduna,"177410"
NGP002001000000000000,Yola North,Adamawa,"141926"
NGP002002000000000000,Shelleng,Adamawa,"52477"
NGP002003000000000000,Song,Adamawa,"120184"
NGP002004000000000000,Teungo,Adamawa,"26384"
NGP002005000000000000,Yola South,Adamawa,"115780"
NGP002006000000000000,Jada,Adamawa,"124856"
NGP002007000000000000,Michika,Adamawa,"117684"
NGP002008000000000000,Numan,Adamawa,"87568"
NGP002009000000000000,Larmurde,Adamawa,"42882"
NGP002010000000000000,Hong,Adamawa,"117240"
NGP002011000000000000,Guyuk,Adamawa,"70526"
NGP002012000000000000,Fufore,Adamawa,"158137"
NGP002013000000000000,Ganye,Adamawa,"120451"
NGP002014000000000000,Gombi,Adamawa,"88635"
NGP002015000000000000,Mubi South,Adamawa,"124077"
NGP002016000000000000,Mubi North,Adamawa,"121383"
NGP002017000000000000,Girie,Adamawa,"78290"
NGP002018000000000000,Madagali,Adamawa,"90159"
NGP002019000000000000,Mayo-Belwa,Adamawa,"125073"
NGP002020000000000000,Maiha,Adamawa,"83192"
NGP002021000000000000,Demsa,Adamawa,"95149"
NGP003001000000000000,Mkpat Enin,Akwa Ibom,"104127"
NGP003002000000000000,Nsit Ibom,Akwa Ibom,"63570"
NGP003003000000000000,Nsit Atai,Akwa Ibom,"37458"
NGP003004000000000000,Okobo,Akwa Ibom,"69433"
NGP003005000000000000,Nsit Ubium,Akwa Ibom,"73826"
NGP003006000000000000,Abak,Akwa Ibom,"108833"
NGP003007000000000000,Mbo,Akwa Ibom,"67003"
NGP003008000000000000,Udung Uko,Akwa Ibom,"26134"
NGP003009000000000000,Eket,Akwa Ibom,"82610"
NGP003010000000000000,Onna,Akwa Ibom,"113048"
NGP003011000000000000,Oron,Akwa Ibom,"55735"
NGP003012000000000000,Eastern Obolo,Akwa Ibom,"13911"
NGP003014000000000000,Oruk Anam,Akwa Ibom,"126726"
NGP003015000000000000,Esit Eket,Akwa Ibom,"39579"
NGP003016000000000000,Etim Ekpo,Akwa Ibom,"64368"
NGP003017000000000000,Etinan,Akwa Ibom,"90085"
NGP003018000000000000,Essien Udim,Akwa Ibom,"130215"
NGP003019000000000000,Obot Akara,Akwa Ibom,"64802"
NGP003020000000000000,Itu,Akwa Ibom,"82624"
NGP003021000000000000,Ini,Akwa Ibom,"71292"
NGP003022000000000000,Ikot Ekpene,Akwa Ibom,"97317"
NGP003023000000000000,Ikot Abasi,Akwa Ibom,"66160"
NGP003024000000000000,Ikono,Akwa Ibom,"92521"
NGP003025000000000000,Ukanafun,Akwa Ibom,"85944"
NGP003026000000000000,Ika,Akwa Ibom,"54835"
NGP003027000000000000,Ibiono Ibom,Akwa Ibom,"103465"
NGP003028000000000000,Uruan,Akwa Ibom,"79908"
NGP003029000000000000,Uyo,Akwa Ibom,"188877"
NGP003030000000000000,Ibeno,Akwa Ibom,"42249"
NGP003031000000000000,Ibesikpo Asutan,Akwa Ibom,"81925"
NGP003032000000000000,Urue Offong/Oruko,Akwa Ibom,"30734"
NGP004001000000000000,Ihiala,Anambra,"179589"
NGP004002000000000000,Ogbaru,Anambra,"191761"
NGP004003000000000000,Anaocha,Anambra,"200607"
NGP004004000000000000,Idemili North,Anambra,"278642"
NGP004005000000000000,Oyi,Anambra,"109921"
NGP004006000000000000,Anambra East,Anambra,"57928"
NGP004007000000000000,Onitsha North,Anambra,"121157"
NGP004008000000000000,Orumba South,Anambra,"92716"
NGP004009000000000000,Njikoka,Anambra,"72948"
NGP004010000000000000,Nnewi North,Anambra,"121063"
NGP004011000000000000,Nnewi South,Anambra,"147428"
NGP004012000000000000,Orumba North,Anambra,"127476"
NGP004013000000000000,Ayamelum,Anambra,"85819"
NGP004014000000000000,Aguata,Anambra,"286897"
NGP004015000000000000,Awka South,Anambra,"130664"
NGP004016000000000000,Ekwusigo,Anambra,"89171"
NGP004017000000000000,Idemili South,Anambra,"124122"
NGP004018000000000000,Onitsha South,Anambra,"92716"
NGP004019000000000000,Awka North,Anambra,"60728"
NGP004020000000000000,Anambra West,Anambra,"109075"
NGP004021000000000000,Dunukofia,Anambra,"73473"
NGP005001000000000000,Alkaleri,Bauchi,"174861"
NGP005002000000000000,Bauchi,Bauchi,"356923"
NGP005003000000000000,Jama'are,Bauchi,"70436"
NGP005004000000000000,Misau,Bauchi,"136643"
NGP005005000000000000,Itas/Gadau,Bauchi,"135707"
NGP005006000000000000,Giade,Bauchi,"92249"
NGP005007000000000000,Gamawa,Bauchi,"181220"
NGP005008000000000000,Tafawa-Balewa,Bauchi,"126436"
NGP005009000000000000,Ningi,Bauchi,"221143"
NGP005010000000000000,Damban,Bauchi,"82538"
NGP005011000000000000,Shira,Bauchi,"161830"
NGP005012000000000000,Warji,Bauchi,"58850"
NGP005013000000000000,Ganjuwa,Bauchi,"144758"
NGP005014000000000000,Kirfi,Bauchi,"83010"
NGP005015000000000000,Toro,Bauchi,"209253"
NGP005016000000000000,Katagum,Bauchi,"195066"
NGP005017000000000000,Darazo,Bauchi,"163831"
NGP005018000000000000,Bogoro,Bauchi,"52936"
NGP005019000000000000,Zaki,Bauchi,"163916"
NGP005020000000000000,Dass,Bauchi,"50281"
NGP006001000000000000,Southern Ijaw,Bayelsa,"267371"
NGP006002000000000000,Ekeremor,Bayelsa,"124279"
NGP006003000000000000,Kolokuma/Opokuma,Bayelsa,"46877"
NGP006004000000000000,Yenegoa,Bayelsa,"70399"
NGP006005000000000000,Sagbama,Bayelsa,"119759"
NGP006006000000000000,Brass,Bayelsa,"166230"
NGP006007000000000000,Ogbia,Bayelsa,"159958"
NGP006008000000000000,Nembe,Bayelsa,"112920"
NGP007001000000000000,Bukuru,Benue,"129790"
NGP007002000000000000,Oturkpo,Benue,"158681"
NGP007003000000000000,Agatu,Benue,"54101"
NGP007004000000000000,Gboko,Benue,"266490"
NGP007005000000000000,Okpokwu,Benue,"90241"
NGP007006000000000000,Gwer East,Benue,"117630"
NGP007007000000000000,Markurdi,Benue,"239889"
NGP007008000000000000,Konshisha,Benue,"145614"
NGP007009000000000000,Tarka,Benue,"42591"
NGP007010000000000000,Oju,Benue,"102877"
NGP007011000000000000,Gwer West,Benue,"74586"
NGP007012000000000000,Ogbadibo,Benue,"89497"
NGP007013000000000000,Logo,Benue,"73848"
NGP007014000000000000,Apa,Benue,"52417"
NGP007015000000000000,Ohimini,Benue,"33577"
NGP007016000000000000,Katsina-Ala,Benue,"161281"
NGP007017000000000000,Ushongo,Benue,"123166"
NGP007018000000000000,Ado,Benue,"104137"
NGP007019000000000000,Obi,Benue,"68648"
NGP007020000000000000,Kwande,Benue,"180327"
NGP007021000000000000,Ukum,Benue,"165490"
NGP007022000000000000,Guma,Benue,"116336"
NGP007023000000000000,Vandeikya,Benue,"161863"
NGP008001000000000000,Damboa,Borno,"109458"
NGP008002000000000000,Kwaya Kusar,Borno,"30421"
NGP008003000000000000,Gubio,Borno,"43589"
NGP008004000000000000,Konduga,Borno,"131650"
NGP008005000000000000,Marte,Borno,"59907"
NGP008006000000000000,Maiduguri,Borno,"462763"
NGP008007000000000000,Biu,Borno,"109253"
NGP008008000000000000,Kaga,Borno,"51971"
NGP008009000000000000,Bama,Borno,"195377"
NGP008010000000000000,Abadam,Borno,"58595"
NGP008011000000000000,Bayo,Borno,"52666"
NGP008012000000000000,Dikwa,Borno,"75760"
NGP008013000000000000,Jere,Borno,"190638"
NGP008014000000000000,Mafa,Borno,"45436"
NGP008015000000000000,Chibok,Borno,"28366"
NGP008016000000000000,Shani,Borno,"66264"
NGP008017000000000000,Kukawa,Borno,"105599"
NGP008018000000000000,Magumeri,Borno,"53068"
NGP008019000000000000,Hawul,Borno,"86964"
NGP008020000000000000,Gwoza,Borno,"145868"
NGP008021000000000000,Kala/Balge,Borno,"32067"
NGP008022000000000000,Ngala,Borno,"98905"
NGP008023000000000000,Nganzai,Borno,"30861"
NGP008024000000000000,Monguno,Borno,"68510"
NGP008025000000000000,Mobbar,Borno,"52919"
NGP008026000000000000,Askira/Uba,Borno,"123334"
NGP008027000000000000,Guzamala,Borno,"25794"
NGP009001000000000000,Calabar South,Cross River,"185787"
NGP009002000000000000,Yakurr,Cross River,"78452"
NGP009003000000000000,Calabar Municipal,Cross River,"143089"
NGP009004000000000000,Akpabuyo,Cross River,"100424"
NGP009005000000000000,Obubra,Cross River,"134225"
NGP009006000000000000,Abi,Cross River,"134773"
NGP009007000000000000,Yala,Cross River,"156617"
NGP009008000000000000,Bakassi,Cross River,"3827"
NGP009009000000000000,Boki,Cross River,"145010"
NGP009010000000000000,Akamkpa,Cross River,"118472"
NGP009011000000000000,Ogoja,Cross River,"110539"
NGP009012000000000000,Bekwarra,Cross River,"57965"
NGP009013000000000000,Obudu,Cross River,"84799"
NGP009014000000000000,Biase,Cross River,"101121"
NGP009015000000000000,Etung,Cross River,"45299"
NGP009016000000000000,Odukpani,Cross River,"122352"
NGP009017000000000000,Ikom,Cross River,"140234"
NGP009018000000000000,Obanliku,Cross River,"48611"
NGP010001000000000000,Ndokwa West,Delta,"114117"
NGP010002000000000000,Sapele,Delta,"142652"
NGP010003000000000000,Aniocha North,Delta,"60998"
NGP010004000000000000,Oshimili South,Delta,"61785"
NGP010005000000000000,Warri South-West,Delta,"33374"
NGP010006000000000000,Aniocha South,Delta,"107034"
NGP010007000000000000,Patani,Delta,"43811"
NGP010008000000000000,Warri South,Delta,"235750"
NGP010009000000000000,Ukwuani,Delta,"68710"
NGP010010000000000000,Ndokwa East,Delta,"75578"
NGP010011000000000000,Ughelli South,Delta,"105785"
NGP010012000000000000,Ughelli North,Delta,"199992"
NGP010013000000000000,Udu,Delta,"76724"
NGP010014000000000000,Ethiope East,Delta,"113929"
NGP010015000000000000,Ethiope West,Delta,"105861"
NGP010016000000000000,Okpe,Delta,"46710"
NGP010017000000000000,Bomadi,Delta,"64683"
NGP010018000000000000,Oshimili North,Delta,"64258"
NGP010019000000000000,Burutu,Delta,"167648"
NGP010020000000000000,Warri North,Delta,"57519"
NGP010021000000000000,Uvwie,Delta,"145054"
NGP010022000000000000,Isoko North,Delta,"111919"
NGP010023000000000000,Ika North East,Delta,"126560"
NGP010024000000000000,Isoko South,Delta,"150836"
NGP010025000000000000,Ika South,Delta,"109204"
NGP011001000000000000,Ezza South,Ebonyi,"81109"
NGP011002000000000000,Ivo,Ebonyi,"57203"
NGP011003000000000000,Ezza North,Ebonyi,"114701"
NGP011004000000000000,Ebonyi,Ebonyi,"86350"
NGP011005000000000000,Ikwo,Ebonyi,"154396"
NGP011006000000000000,Ishielu,Ebonyi,"128720"
NGP011007000000000000,Ohaukwu,Ebonyi,"169622"
NGP011008000000000000,Ohaozara,Ebonyi,"78044"
NGP011009000000000000,Izzi,Ebonyi,"161349"
NGP011010000000000000,Abakaliki,Ebonyi,"133065"
NGP011011000000000000,Afikpo North,Ebonyi,"107633"
NGP011013000000000000,Afikpo South,Ebonyi,"69725"
NGP011014000000000000,Onicha,Ebonyi,"111965"
NGP012001000000000000,Ikpoba-Okha,Edo,"230792"
NGP012002000000000000,Etsako West,Edo,"126112"
NGP012003000000000000,Etsako East,Edo,"97316"
NGP012004000000000000,Akoko-Edo,Edo,"123686"
NGP012005000000000000,Esan South-East,Edo,"81728"
NGP012006000000000000,Egor,Edo,"217912"
NGP012007000000000000,Oredo,Edo,"352918"
NGP012008000000000000,Orhionmwon,Edo,"147537"
NGP012009000000000000,Etsako Central,Edo,"41081"
NGP012010000000000000,Uhunmwonde,Edo,"98767"
NGP012011000000000000,Esan Central,Edo,"78264"
NGP012012000000000000,Esan West,Edo,"75832"
NGP012013000000000000,Esan  North-East,Edo,"88687"
NGP012014000000000000,Owan West,Edo,"70374"
NGP012015000000000000,Iguegben,Edo,"47611"
NGP012016000000000000,Owan East,Edo,"90927"
NGP012017000000000000,Ovia South-West,Edo,"80692"
NGP012018000000000000,Ovia North-East,Edo,"121769"
NGP013001000000000000,Oye,Ekiti,"115244"
NGP013002000000000000,Ikole,Ekiti,"119796"
NGP013003000000000000,Ikere,Ekiti,"58612"
NGP013004000000000000,Ido-Osi,Ekiti,"98584"
NGP013005000000000000,Ijero,Ekiti,"95365"
NGP013006000000000000,Ise/Orun,Ekiti,"75444"
NGP013007000000000000,Irepodun/Ifelodun,Ekiti,"110259"
NGP013008000000000000,Ekiti South-West,Ekiti,"140183"
NGP013009000000000000,Ekiti East,Ekiti,"67221"
NGP013010000000000000,Ado-Ekiti,Ekiti,"156122"
NGP013011000000000000,Emure,Ekiti,"64970"
NGP013012000000000000,Ilejemeje,Ekiti,"21600"
NGP013013000000000000,Ekiti West,Ekiti,"143903"
NGP013014000000000000,Gbonyin,Ekiti,"65608"
NGP013015000000000000,Efon,Ekiti,"75479"
NGP013016000000000000,Moba,Ekiti,"127400"
NGP014001000000000000,Isi-Uzo,Enugu,"85748"
NGP014002000000000000,Enugu East,Enugu,"174431"
NGP014003000000000000,Udi,Enugu,"160500"
NGP014004000000000000,Igbo-Eze-South,Enugu,"75641"
NGP014005000000000000,Nsukka,Enugu,"220411"
NGP014006000000000000,Enugu North,Enugu,"153033"
NGP014007000000000000,Udenu,Enugu,"111647"
NGP014008000000000000,Igbo-Eze-North,Enugu,"139290"
NGP014009000000000000,Aninri,Enugu,"95601"
NGP014010000000000000,Igbo-Etiti,Enugu,"138401"
NGP014011000000000000,Enugu South,Enugu,"137050"
NGP014012000000000000,Ezeagu,Enugu,"113024"
NGP014013000000000000,Uzo-Uwani,Enugu,"88112"
NGP014014000000000000,Awgu,Enugu,"136644"
NGP014015000000000000,Oji-River,Enugu,"86361"
NGP014016000000000000,Nkanu East,Enugu,"106499"
NGP014017000000000000,Nkanu West,Enugu,"102945"
NGP015001000000000000,Kwali,"FCT, Abuja","33966"
NGP015002000000000000,Municipal Area Council,"FCT, Abuja","200872"
NGP015003000000000000,Bwari,"FCT, Abuja","30928"
NGP015004000000000000,Abaji,"FCT, Abuja","21081"
NGP015005000000000000,Kuje,"FCT, Abuja","44338"
NGP015006000000000000,Gwagwalada,"FCT, Abuja","45340"
NGP016001000000000000,Akko,Gombe,"235592"
NGP016002000000000000,Nafada,Gombe,"69855"
NGP016003000000000000,Shomgom,Gombe,"62972"
NGP016004000000000000,Balanga,Gombe,"129099"
NGP016005000000000000,Kwami,Gombe,"118779"
NGP016006000000000000,Kaltungo,Gombe,"112151"
NGP016007000000000000,Yamaltu/Deba,Gombe,"221836"
NGP016008000000000000,Dukku,Gombe,"156823"
NGP016009000000000000,Billiri,Gombe,"86557"
NGP016010000000000000,Gombe,Gombe,"169783"
NGP016011000000000000,Funakaye,Gombe,"125671"
NGP017001000000000000,Oguta,Imo,"87415"
NGP017002000000000000,Ideato South,Imo,"79236"
NGP017003000000000000,Ideato North,Imo,"118519"
NGP017004000000000000,Owerri West,Imo,"78948"
NGP017005000000000000,Owerri North,Imo,"159550"
NGP017006000000000000,Owerri Municipal,Imo,"51223"
NGP017007000000000000,Ikeduru,Imo,"108367"
NGP017008000000000000,Oru West,Imo,"81719"
NGP017009000000000000,Njaba,Imo,"87259"
NGP017010000000000000,Nkwerre,Imo,"47190"
NGP017011000000000000,Ahiazu-Mbaise,Imo,"96170"
NGP017012000000000000,Ohaji/Egbema,Imo,"119116"
NGP017013000000000000,Mbatoli,Imo,"148531"
NGP017014000000000000,Okigwe,Imo,"79229"
NGP017015000000000000,Ngor-Okpala,Imo,"135711"
NGP017016000000000000,Unuimo,Imo,"54470"
NGP017017000000000000,Ehime -Mbano,Imo,"97145"
NGP017018000000000000,Nwangele,Imo,"78840"
NGP017019000000000000,Ihitte/Uboma,Imo,"69009"
NGP017020000000000000,Ezinihitte,Imo,"92462"
NGP017021000000000000,Isu,Imo,"62139"
NGP017022000000000000,Isiala Mbano,Imo,"106170"
NGP017023000000000000,Aboh-Mbaise,Imo,"115360"
NGP017024000000000000,Obowo,Imo,"64277"
NGP017025000000000000,Orsu,Imo,"87521"
NGP017026000000000000,Oru East,Imo,"68458"
NGP017027000000000000,Orlu,Imo,"117343"
NGP018001000000000000,Kaugama,Jigawa,"96066"
NGP018002000000000000,Taura,Jigawa,"97243"
NGP018003000000000000,Sule Tankakar,Jigawa,"117042"
NGP018004000000000000,Babura,Jigawa,"140182"
NGP018005000000000000,Guri,Jigawa,"83801"
NGP018006000000000000,Gumel,Jigawa,"48583"
NGP018007000000000000,Kiri Kasama,Jigawa,"105977"
NGP018008000000000000,Gwaram,Jigawa,"196480"
NGP018009000000000000,Gwiwa,Jigawa,"58184"
NGP018010000000000000,Kazaure,Jigawa,"82380"
NGP018011000000000000,Hadejia,Jigawa,"65967"
NGP018012000000000000,Dutse,Jigawa,"138452"
NGP018013000000000000,Auyo,Jigawa,"80980"
NGP018014000000000000,Miga,Jigawa,"80282"
NGP018015000000000000,Roni,Jigawa,"55254"
NGP018016000000000000,Gagarawa,Jigawa,"44307"
NGP018017000000000000,Malam Maduri,Jigawa,"100961"
NGP018018000000000000,Buji,Jigawa,"59315"
NGP018019000000000000,Yankwashi,Jigawa,"46356"
NGP018020000000000000,Ringim,Jigawa,"158206"
NGP018021000000000000,Biriniwa,Jigawa,"122958"
NGP018022000000000000,Birnin Kudu,Jigawa,"235188"
NGP018023000000000000,Maigatari,Jigawa,"106811"
NGP018024000000000000,Garki,Jigawa,"107337"
NGP018025000000000000,kiyawa,Jigawa,"110465"
NGP018026000000000000,Jahun,Jigawa,"179526"
NGP018027000000000000,Kafin Hausa,Jigawa,"154746"
NGP019001000000000000,Ohafia,Abia,"148985"
NGP019002000000000000,Osisioma Ngwa,Abia,"161645"
NGP019003000000000000,Obi Nwga,Abia,"130413"
NGP019004000000000000,Umu-Nneochi,Abia,"81605"
NGP019005000000000000,Umuahia South,Abia,"73513"
NGP019006000000000000,Aba North,Abia,"86331"
NGP019007000000000000,Umuahia North,Abia,"146591"
NGP019008000000000000,Arochukwu,Abia,"97800"
NGP019009000000000000,Bende,Abia,"132271"
NGP019010000000000000,Ukwa East,Abia,"32444"
NGP019011000000000000,Ugwunagbo,Abia,"32914"
NGP019012000000000000,Ukwa West,Abia,"48654"
NGP019013000000000000,Isiala-Ngwa North,Abia,"93336"
NGP019014000000000000,Isiala-Ngwa South,Abia,"98575"
NGP019015000000000000,Isuikwuato,Abia,"73774"
NGP019016000000000000,Aba South,Abia,"413852"
NGP019017000000000000,Ikwuano,Abia,"61214"
NGP020001000000000000,Tarauni,Kano,"135846"
NGP020002000000000000,Takai,Kano,"130007"
NGP020003000000000000,Garum Mallam,Kano,"64173"
NGP020004000000000000,Ajingi,Kano,"104212"
NGP020005000000000000,Rimin Gado,Kano,"60622"
NGP020006000000000000,Garko,Kano,"125001"
NGP020007000000000000,Gaya,Kano,"135689"
NGP020008000000000000,Tsanyawa,Kano,"83942"
NGP020009000000000000,Bagwai,Kano,"106645"
NGP020010000000000000,Gezawa,Kano,"154629"
NGP020011000000000000,Sumaila,Kano,"164242"
NGP020012000000000000,Gwale,Kano,"177437"
NGP020013000000000000,Shanono,Kano,"84861"
NGP020014000000000000,Rano,Kano,"88886"
NGP020015000000000000,Tofa,Kano,"64796"
NGP020016000000000000,Gabasawa,Kano,"152899"
NGP020017000000000000,Gwarzo,Kano,"118778"
NGP020018000000000000,Ungongo,Kano,"168373"
NGP020019000000000000,Warawa,Kano,"81666"
NGP020020000000000000,Doguwa,Kano,"83365"
NGP020021000000000000,Dawakin Tofa,Kano,"156443"
NGP020022000000000000,Dawakin Kudu,Kano,"163648"
NGP020023000000000000,Dambatta,Kano,"144268"
NGP020024000000000000,Dala,Kano,"316137"
NGP020025000000000000,Bebeji,Kano,"118833"
NGP020026000000000000,Kabo,Kano,"90158"
NGP020027000000000000,Wudil,Kano,"108441"
NGP020028000000000000,Bunkure,Kano,"122856"
NGP020029000000000000,Tudun Wada,Kano,"141288"
NGP020030000000000000,Fagge,Kano,"156342"
NGP020031000000000000,Bichi,Kano,"182674"
NGP020032000000000000,Rogo,Kano,"140447"
NGP020033000000000000,Kibiya,Kano,"73650"
NGP020034000000000000,Kiru,Kano,"156584"
NGP020035000000000000,Kura,Kano,"89342"
NGP020036000000000000,Madobi,Kano,"78924"
NGP020037000000000000,Nassarawa,Kano,"355729"
NGP020038000000000000,Albasu,Kano,"116603"
NGP020039000000000000,Makoda,Kano,"69954"
NGP020040000000000000,Minjibir,Kano,"96882"
NGP020041000000000000,Karaye,Kano,"89711"
NGP020042000000000000,Kunchi,Kano,"75277"
NGP020043000000000000,Kano Municipal,Kano,"270764"
NGP020044000000000000,Kumbotso,Kano,"166558"
NGP021001000000000000,Jibia,Katsina,"124731"
NGP021002000000000000,Ingawa,Katsina,"114935"
NGP021003000000000000,kaita,Katsina,"101878"
NGP021004000000000000,Kafur,Katsina,"136813"
NGP021005000000000000,Kankara,Katsina,"152748"
NGP021006000000000000,Kankia,Katsina,"109708"
NGP021007000000000000,Katsina,Katsina,"223644"
NGP021008000000000000,Rimi,Katsina,"113433"
NGP037014000000000000,Tsafe,Zamfara,"163512"
NGP021010000000000000,Sabuwa,Katsina,"55796"
NGP021011000000000000,Faskari,Katsina,"125181"
NGP021012000000000000,Safana,Katsina,"133723"
NGP021013000000000000,Mai'Adua,Katsina,"137976"
NGP021014000000000000,Mani,Katsina,"121889"
NGP021015000000000000,Musawa,Katsina,"79184"
NGP021016000000000000,Sandamu,Katsina,"76362"
NGP021017000000000000,Batagarawa,Katsina,"84864"
NGP021018000000000000,Bindawa,Katsina,"120636"
NGP021019000000000000,Batsari,Katsina,"132936"
NGP021020000000000000,Dutsin Ma,Katsina,"115790"
NGP021021000000000000,Daura,Katsina,"80510"
NGP021022000000000000,Kusada,Katsina,"59896"
NGP021023000000000000,Bakori,Katsina,"132936"
NGP021024000000000000,Zango,Katsina,"140162"
NGP021025000000000000,Danja,Katsina,"98524"
NGP021026000000000000,Funtua,Katsina,"162888"
NGP021027000000000000,Malumfashi,Katsina,"158338"
NGP021028000000000000,Dandume,Katsina,"88912"
NGP021029000000000000,Dan Musa,Katsina,"65845"
NGP021030000000000000,Baure,Katsina,"68709"
NGP021031000000000000,Matazu,Katsina,"74030"
NGP021032000000000000,Mashi,Katsina,"137555"
NGP021033000000000000,Dutsi,Katsina,"58494"
NGP021034000000000000,Charanchi,Katsina,"79403"
NGP021035000000000000,Kurfi,Katsina,"74020"
NGP022001000000000000,Argungu,Kebbi,"123374"
NGP022002000000000000,Suru,Kebbi,"116971"
NGP022003000000000000,Koko/Besse,Kebbi,"107170"
NGP022004000000000000,Sakaba,Kebbi,"149763"
NGP022005000000000000,Augie,Kebbi,"80911"
NGP022006000000000000,Shanga,Kebbi,"86498"
NGP022007000000000000,Gwandu,Kebbi,"107429"
NGP022008000000000000,Wasagu/Danko,Kebbi,"48230"
NGP022009000000000000,Bagudo,Kebbi,"153935"
NGP022010000000000000,Jega,Kebbi,"124176"
NGP022011000000000000,Fakai,Kebbi,"71831"
NGP022012000000000000,Dandi,Kebbi,"101919"
NGP022013000000000000,Ngaski,Kebbi,"68800"
NGP022014000000000000,Kalgo,Kebbi,"50896"
NGP022015000000000000,Arewa Dandi,Kebbi,"137538"
NGP022016000000000000,Birnin Kebbi,Kebbi,"150520"
NGP022017000000000000,Zuru,Kebbi,"98939"
NGP022018000000000000,Bunza,Kebbi,"76718"
NGP022019000000000000,Yauri,Kebbi,"63880"
NGP022020000000000000,Maiyama,Kebbi,"113072"
NGP022021000000000000,Aleiro,Kebbi,"36920"
NGP023001000000000000,Idah,Kogi,"55959"
NGP023002000000000000,Ankpa,Kogi,"185458"
NGP023003000000000000,Ijumu,Kogi,"66603"
NGP023004000000000000,Bassa,Kogi,"88496"
NGP023005000000000000,Kabba/Bunu,Kogi,"79584"
NGP023006000000000000,Dekina,Kogi,"177513"
NGP023007000000000000,Igalamela-Odolu,Kogi,"83494"
NGP023008000000000000,Lokoja,Kogi,"82483"
NGP023009000000000000,Ibaji,Kogi,"85239"
NGP023010000000000000,Kogi,Kogi,"50479"
NGP023011000000000000,Ajaokuta,Kogi,"97904"
NGP023012000000000000,Yagba West,Kogi,"76936"
NGP023013000000000000,Yagba East,Kogi,"67864"
NGP023014000000000000,Mopa-Muro,Kogi,"20916"
NGP023015000000000000,Ogori/Magongo,Kogi,"34243"
NGP023016000000000000,Ofu,Kogi,"108095"
NGP023017000000000000,Okene,Kogi,"317953"
NGP023018000000000000,Olamaboro,Kogi,"104705"
NGP023019000000000000,Okehi,Kogi,"146264"
NGP023020000000000000,Omala,Kogi,"60476"
NGP023021000000000000,Adavi,Kogi,"157092"
NGP024001000000000000,Irepodun,Kwara,"108506"
NGP024002000000000000,Ilorin West,Kwara,"184541"
NGP024003000000000000,Oke Ero,Kwara,"38295"
NGP024004000000000000,Pategi,Kwara,"45494"
NGP024005000000000000,Offa,Kwara,"74924"
NGP024006000000000000,Ekiti,Kwara,"38028"
NGP024007000000000000,Kaiama,Kwara,"43165"
NGP024008000000000000,Ifelodun,Kwara,"155551"
NGP024009000000000000,Edu,Kwara,"93241"
NGP024010000000000000,Asa,Kwara,"78722"
NGP024011000000000000,Isin,Kwara,"42536"
NGP024012000000000000,Baruten,Kwara,"110576"
NGP024013000000000000,Moro,Kwara,"86939"
NGP024014000000000000,Ilorin East,Kwara,"237298"
NGP024015000000000000,Oyun,Kwara,"110576"
NGP024017000000000000,Ilorin South,Kwara,"154590"
NGP025001000000000000,Lagos Mainland,Lagos,"273079"
NGP025002000000000000,Lagos Island,Lagos,"165996"
NGP025003000000000000,Alimosho,Lagos,"430890"
NGP025004000000000000,Amuwo Odofin,Lagos,"225823"
NGP025005000000000000,Ikeja,Lagos,"203383"
NGP025006000000000000,Kosofe,Lagos,"412407"
NGP025007000000000000,Eti Osa,Lagos,"157387"
NGP025008000000000000,Apapa,Lagos,"154477"
NGP025009000000000000,Ojo,Lagos,"213837"
NGP025010000000000000,Mushin,Lagos,"539783"
NGP025011000000000000,Ibeju Lekki,Lagos,"24937"
NGP025012000000000000,Oshodi/Isolo,Lagos,"449781"
NGP025013000000000000,Agege,Lagos,"417981"
NGP025014000000000000,Ikorodu,Lagos,"184674"
NGP025015000000000000,Ifako/Ijaye,Lagos,"328397"
NGP025016000000000000,Epe,Lagos,"111464"
NGP025017000000000000,Badagry,Lagos,"119267"
NGP025018000000000000,Surulere,Lagos,"462261"
NGP025019000000000000,Shomolu,Lagos,"358787"
NGP025020000000000000,Ajeromi/Ifelodun,Lagos,"593561"
NGP026001000000000000,Nasarawa Egon,Nasarawa,"73129"
NGP026002000000000000,Nasarawa,Nasarawa,"127843"
NGP026003000000000000,Keana,Nasarawa,"46006"
NGP026004000000000000,Kokona,Nasarawa,"73093"
NGP026005000000000000,Toto,Nasarawa,"89596"
NGP026006000000000000,Doma,Nasarawa,"90719"
NGP026007000000000000,Karu,Nasarawa,"120127"
NGP026008000000000000,Wamba,Nasarawa,"39206"
NGP026009000000000000,Obi,Nasarawa,"101074"
NGP026010000000000000,Akwanga,Nasarawa,"66751"
NGP026011000000000000,Awe,Nasarawa,"76796"
NGP026012000000000000,Keffi,Nasarawa,"60770"
NGP026013000000000000,Lafia,Nasarawa,"240656"
NGP027001000000000000,Kontagora,Niger,"138080"
NGP027002000000000000,Gurara,Niger,"48903"
NGP027003000000000000,Tafa,Niger,"30461"
NGP027004000000000000,Suleja,Niger,"120839"
NGP027005000000000000,Bida,Niger,"102071"
NGP027006000000000000,Mokwa,Niger,"135215"
NGP027007000000000000,Magama,Niger,"129749"
NGP027008000000000000,Katcha,Niger,"70827"
NGP027009000000000000,Muya,Niger,"44369"
NGP027010000000000000,Agwara,Niger,"39276"
NGP027011000000000000,Edati,Niger,"44983"
NGP027012000000000000,Paikoro,Niger,"109356"
NGP027013000000000000,Gbako,Niger,"88768"
NGP027014000000000000,Agaie,Niger,"79955"
NGP027015000000000000,Shiroro,Niger,"155960"
NGP027016000000000000,Rijau,Niger,"122050"
NGP027017000000000000,Bosso,Niger,"86273"
NGP027018000000000000,Wushishi,Niger,"54037"
NGP027019000000000000,Borgu,Niger,"110336"
NGP027020000000000000,Chanchaga,Niger,"143896"
NGP027021000000000000,Mariga,Niger,"105612"
NGP027022000000000000,Rafi,Niger,"116948"
NGP027023000000000000,Lavun,Niger,"130445"
NGP027024000000000000,Lapai,Niger,"73647"
NGP027026000000000000,Mashegu,Niger,"139885"
NGP028001000000000000,Ewekoro,Ogun,"50569"
NGP028002000000000000,Odogbolu,Ogun,"164992"
NGP028003000000000000,Abeokuta South,Ogun,"282928"
NGP028004000000000000,Egbado North,Ogun,"171013"
NGP028005000000000000,Remo North,Ogun,"30177"
NGP028006000000000000,Egbado South,Ogun,"132170"
NGP028007000000000000,Abeokuta North,Ogun,"93966"
NGP028008000000000000,Odeda,Ogun,"86950"
NGP028009000000000000,Ado Odo/Ota,Ogun,"93968"
NGP028010000000000000,Ogun waterside,Ogun,"61919"
NGP028011000000000000,Obafemi Owode,Ogun,"135774"
NGP028012000000000000,Ipokia,Ogun,"137737"
NGP028013000000000000,Shagamu,Ogun,"155726"
NGP028014000000000000,Imeko Afon,Ogun,"57957"
NGP028015000000000000,Ijebu North East,Ogun,"30910"
NGP028016000000000000,Ijebu ode,Ogun,"20608"
NGP028017000000000000,Ikenne,Ogun,"111735"
NGP028018000000000000,Ijebu North,Ogun,"148342"
NGP028019000000000000,Ijebu East,Ogun,"61120"
NGP028020000000000000,Ifo,Ogun,"164486"
NGP029001000000000000,Owo,Ondo,"157181"
NGP029002000000000000,Irele,Ondo,"100127"
NGP029003000000000000,Ondo West,Ondo,"42561"
NGP029004000000000000,Okitipupa,Ondo,"176615"
NGP029005000000000000,Odigbo,Ondo,"154775"
NGP029006000000000000,Ile Oluji/Okeigbo,Ondo,"116094"
NGP029007000000000000,Ilaje,Ondo,"193059"
NGP029008000000000000,Ifedore,Ondo,"102617"
NGP029009000000000000,Akoko North West,Ondo,"119278"
NGP029010000000000000,Idanre,Ondo,"85776"
NGP029011000000000000,Akoko South East,Ondo,"54417"
NGP029012000000000000,Akure North,Ondo,"71293"
NGP029013000000000000,Akoko North East,Ondo,"103841"
NGP029014000000000000,Ose,Ondo,"93033"
NGP029015000000000000,Ondo East,Ondo,"209736"
NGP029016000000000000,Akure South,Ondo,"253365"
NGP029017000000000000,Ese Odo,Ondo,"93954"
NGP029018000000000000,Akoko South West,Ondo,"121764"
NGP030001000000000000,Odo Otin,Osun,"82314"
NGP030002000000000000,Irewole,Osun,"57445"
NGP030003000000000000,Obokun,Osun,"61218"
NGP030004000000000000,Isokan,Osun,"29944"
NGP030005000000000000,Irepodun,Osun,"153457"
NGP030006000000000000,Ilesha West,Osun,"60974"
NGP030007000000000000,Ola oluwa,Osun,"39454"
NGP030008000000000000,Atakunmosa West,Osun,"60037"
NGP030009000000000000,Oriade,Osun,"80833"
NGP030010000000000000,Olorunda,Osun,"83347"
NGP030011000000000000,Ogo Oluwa,Oyo,"36188"
NGP030012000000000000,Orolu,Osun,"20438"
NGP030013000000000000,Atakunmosa East,Osun,"38105"
NGP030014000000000000,Ilesha East,Osun,"78471"
NGP030015000000000000,Ila,Osun,"50585"
NGP030016000000000000,Iwo,Osun,"105401"
NGP030017000000000000,Osogbo,Osun,"106386"
NGP030018000000000000,Ede North,Osun,"69388"
NGP030019000000000000,Ejigbo,Osun,"69366"
NGP030020000000000000,Ife East,Osun,"95857"
NGP030021000000000000,Boluwaduro,Osun,"42392"
NGP030022000000000000,Ife North,Osun,"127677"
NGP030023000000000000,Boripe,Osun,"82387"
NGP030024000000000000,Ifelodun,Osun,"76565"
NGP030025000000000000,Ede South,Osun,"72975"
NGP030026000000000000,Aiyedire,Osun,"41636"
NGP030027000000000000,Egbedore,Osun,"40293"
NGP030028000000000000,Aiyedade,Osun,"94777"
NGP030029000000000000,Ifedayo,Osun,"24671"
NGP030030000000000000,Ife Central,Osun,"96580"
NGP030031000000000000,Ife South,Osun,"88170"
NGP031001000000000000,Ona ara,Oyo,"123048"
NGP031002000000000000,Lagelu,Oyo,"68901"
NGP031003000000000000,Orelope,Oyo,"68566"
NGP031004000000000000,Ori Ire,Oyo,"103611"
NGP031005000000000000,Atiba,Oyo,"16643"
NGP031006000000000000,Ibarapa Central,Oyo,"59197"
NGP031007000000000000,Oluyole,Oyo,"91527"
NGP031008000000000000,Oyo East,Oyo,"165068"
NGP031009000000000000,Oyo West,Oyo,"79187"
NGP031010000000000000,Kajola,Oyo,"112006"
NGP031011000000000000,Saki East,Oyo,"51326"
NGP031012000000000000,Egbeda,Oyo,"129461"
NGP031013000000000000,Saki West,Oyo,"109437"
NGP031014000000000000,Irepo,Oyo,"65541"
NGP031015000000000000,Surulere,Oyo,"64097"
NGP031016000000000000,Akinyele,Oyo,"140118"
NGP031017000000000000,Atisbo,Oyo,"58565"
NGP031018000000000000,Olorunsogo,Oyo,"39298"
NGP031019000000000000,Ogbomosho South,Oyo,"65958"
NGP031020000000000000,Ogbomosho North,Oyo,"104295"
NGP031021000000000000,Iwajowa,Oyo,"56254"
NGP031022000000000000,Ibadan North,Oyo,"302271"
NGP031023000000000000,Ido,Oyo,"53582"
NGP031024000000000000,Itesiwaju,Oyo,"52269"
NGP031025000000000000,Iseyin,Oyo,"118667"
NGP031026000000000000,Ibarapa North,Oyo,"42558"
NGP031027000000000000,Ibadan North East,Oyo,"275627"
NGP031028000000000000,Afijio,Oyo,"82792"
NGP031029000000000000,Ibadan South West,Oyo,"277047"
NGP031030000000000000,Ibadan North West,Oyo,"147918"
NGP031031000000000000,Ibarapa East,Oyo,"65897"
NGP031032000000000000,Ibadan South East,Oyo,"225800"
NGP032001000000000000,Pankshin,Plateau,"115163"
NGP032002000000000000,Qua'an Pan,Plateau,"141082"
NGP032003000000000000,Riyom,Plateau,"56308"
NGP032004000000000000,Jos South,Plateau,"202124"
NGP032005000000000000,Langtang North,Plateau,"94707"
NGP032006000000000000,Jos North,Plateau,"392831"
NGP032007000000000000,Shendam,Plateau,"178738"
NGP032008000000000000,Jos East,Plateau,"55884"
NGP032009000000000000,Barkin Ladi,Plateau,"102248"
NGP032010000000000000,Kanke,Plateau,"65398"
NGP032011000000000000,Langtang South,Plateau,"47108"
NGP032012000000000000,Wase,Plateau,"102491"
NGP032013000000000000,Kanam,Plateau,"113500"
NGP032014000000000000,Bokkos,Plateau,"95218"
NGP032015000000000000,Bassa,Plateau,"121652"
NGP032016000000000000,Mangu,Plateau,"181397"
NGP032017000000000000,Mikang,Plateau,"38667"
NGP033001000000000000,Ahoada East,Rivers,"62238"
NGP033002000000000000,Ogba/Egbema/Ndoni,Rivers,"190751"
NGP033003000000000000,Andoni,Rivers,"179613"
NGP033004000000000000,Degema,Rivers,"95889"
NGP033005000000000000,Ogu Bolo,Rivers,"48233"
NGP033006000000000000,Ahoada West,Rivers,"119576"
NGP033007000000000000,Oyigbo,Rivers,"85334"
NGP033008000000000000,Omumma,Rivers,"44325"
NGP033009000000000000,Akuku Toru,Rivers,"102169"
NGP033010000000000000,Bonny,Rivers,"76124"
NGP033011000000000000,Abua/Odual,Rivers,"134420"
NGP033012000000000000,Etche,Rivers,"197971"
NGP033013000000000000,Port-Harcourt,Rivers,"440399"
NGP033014000000000000,Obio/Akpor,Rivers,"263017"
NGP033015000000000000,Ikwerre,Rivers,"125385"
NGP033016000000000000,Gokana,Rivers,"159461"
NGP033017000000000000,Tai,Rivers,"78945"
NGP033018000000000000,Khana,Rivers,"207095"
NGP033019000000000000,Okrika,Rivers,"153118"
NGP033020000000000000,Asari-Toru,Rivers,"166788"
NGP033021000000000000,Eleme,Rivers,"51228"
NGP033022000000000000,Opobo/Nkoro,Rivers,"49862"
NGP033023000000000000,Emuoha,Rivers,"154923"
NGP034001000000000000,Goronyo,Sokoto,"106666"
NGP034002000000000000,Bodinga,Sokoto,"114067"
NGP034003000000000000,Tangaza,Sokoto,"85947"
NGP034004000000000000,Sokoto North,Sokoto,"151931"
NGP034005000000000000,Tambuwal,Sokoto,"146976"
NGP034006000000000000,Gada,Sokoto,"147915"
NGP034007000000000000,Sabon Birni,Sokoto,"152994"
NGP034008000000000000,Binji,Sokoto,"54239"
NGP034009000000000000,Gwadabawa,Sokoto,"142996"
NGP034010000000000000,Rabah,Sokoto,"91119"
NGP034011000000000000,Tureta,Sokoto,"39909"
NGP034012000000000000,Isa,Sokoto,"83849"
NGP034013000000000000,Gudu,Sokoto,"42172"
NGP034014000000000000,Sokoto South,Sokoto,"125031"
NGP034015000000000000,Silame,Sokoto,"65122"
NGP034016000000000000,Shagari,Sokoto,"90194"
NGP034017000000000000,Yabo,Sokoto,"77357"
NGP034018000000000000,Dange-Shuni,Sokoto,"130630"
NGP034019000000000000,Kware,Sokoto,"116139"
NGP034020000000000000,Illela,Sokoto,"131930"
NGP034021000000000000,Wurno,Sokoto,"100964"
NGP034022000000000000,Wamako,Sokoto,"140137"
NGP034023000000000000,Kebbe,Sokoto,"58716"
NGP035001000000000000,Yorro,Taraba,"58096"
NGP035002000000000000,Gassol,Taraba,"170238"
NGP035003000000000000,Takum,Taraba,"95478"
NGP035004000000000000,Gashaka,Taraba,"49765"
NGP035005000000000000,Bali,Taraba,"148723"
NGP035006000000000000,Ardo-Kola,Taraba,"66553"
NGP035007000000000000,Karim Lamido,Taraba,"134268"
NGP035008000000000000,Kurmi,Taraba,"49734"
NGP035009000000000000,Ussa,Taraba,"52374"
NGP035010000000000000,Ibi,Taraba,"58150"
NGP035011000000000000,Zing,Taraba,"78654"
NGP035012000000000000,Lau,Taraba,"63513"
NGP035013000000000000,Jalingo,Taraba,"74108"
NGP035014000000000000,Wukari,Taraba,"157170"
NGP035015000000000000,Donga,Taraba,"84626"
NGP035016000000000000,Sardauna,Taraba,"170713"
NGP036001000000000000,Geidam,Yobe,"86991"
NGP036002000000000000,Nangere,Yobe,"63573"
NGP036003000000000000,Damaturu,Yobe,"57930"
NGP036004000000000000,Barde,Yobe,"106206"
NGP036005000000000000,Jakusko,Yobe,"80326"
NGP036006000000000000,Potiskum,Yobe,"176718"
NGP036007000000000000,Gujba,Yobe,"76510"
NGP036008000000000000,Tarmua,Yobe,"41544"
NGP036009000000000000,Gulani,Yobe,"68959"
NGP036010000000000000,Nguru,Yobe,"89736"
NGP036011000000000000,Fune,Yobe,"124817"
NGP036012000000000000,Fika,Yobe,"118918"
NGP036013000000000000,Borsari,Yobe,"70326"
NGP036014000000000000,Karasuwa,Yobe,"50436"
NGP036015000000000000,Yusufari,Yobe,"66263"
NGP036016000000000000,Yunusari,Yobe,"76160"
NGP036017000000000000,Machina,Yobe,"44274"
NGP037001000000000000,Kaura Namoda,Zamfara,"168144"
NGP037002000000000000,Anka,Zamfara,"72846"
NGP037003000000000000,Bakura,Zamfara,"62443"
NGP037004000000000000,Maru,Zamfara,"194128"
NGP037005000000000000,Maradun,Zamfara,"131423"
NGP037006000000000000,Bungudu,Zamfara,"189783"
NGP037007000000000000,Talata Mafara,Zamfara,"129193"
NGP037008000000000000,Gummi,Zamfara,"160102"
NGP037009000000000000,Birnin Magaji/Kiyaw,Zamfara,"102982"
NGP037010000000000000,Gusau,Zamfara,"259336"
NGP037011000000000000,Shinkafi,Zamfara,"98375"
NGP037012000000000000,Zurmi,Zamfara,"176683"
NGP037013000000000000,Bukkuyum,Zamfara,"108226"
